{"menuItems":{"__typename":"RootQueryToMenuItemConnection","edges":[{"__typename":"RootQueryToMenuItemConnectionEdge","node":{"__typename":"MenuItem","id":"cG9zdDo1Mw==","label":"identity","uri":"/identity/","parentId":null,"path":"/identity/","cssClasses":["dropdown","main-menu"]}},{"__typename":"RootQueryToMenuItemConnectionEdge","node":{"__typename":"MenuItem","id":"cG9zdDozMTU=","label":"Our Story","uri":"/identity/our-story/","parentId":"cG9zdDo1Mw==","path":"/identity/our-story/","cssClasses":[]}},{"__typename":"RootQueryToMenuItemConnectionEdge","node":{"__typename":"MenuItem","id":"cG9zdDozMTQ=","label":"Our Team","uri":"/identity/our-team/","parentId":"cG9zdDo1Mw==","path":"/identity/our-team/","cssClasses":[]}},{"__typename":"RootQueryToMenuItemConnectionEdge","node":{"__typename":"MenuItem","id":"cG9zdDoxMzE5","label":"Our Brands","uri":null,"parentId":"cG9zdDo1Mw==","path":null,"cssClasses":["dropdown","sub-sub-menu"]}},{"__typename":"RootQueryToMenuItemConnectionEdge","node":{"__typename":"MenuItem","id":"cG9zdDoxMzIx","label":"Häcker","uri":"/hacker/","parentId":"cG9zdDoxMzE5","path":"/hacker/","cssClasses":[]}},{"__typename":"RootQueryToMenuItemConnectionEdge","node":{"__typename":"MenuItem","id":"cG9zdDoxMzIz","label":"Kaiser","uri":"/kaiser/","parentId":"cG9zdDoxMzE5","path":"/kaiser/","cssClasses":[]}},{"__typename":"RootQueryToMenuItemConnectionEdge","node":{"__typename":"MenuItem","id":"cG9zdDoxMzI0","label":"Rolf Benz","uri":"/rolf-benz/","parentId":"cG9zdDoxMzE5","path":"/rolf-benz/","cssClasses":[]}},{"__typename":"RootQueryToMenuItemConnectionEdge","node":{"__typename":"MenuItem","id":"cG9zdDoxMzIy","label":"Hülsta","uri":"/hulsta/","parentId":"cG9zdDoxMzE5","path":"/hulsta/","cssClasses":[]}},{"__typename":"RootQueryToMenuItemConnectionEdge","node":{"__typename":"MenuItem","id":"cG9zdDoxMzIw","label":"Bocci","uri":"/bocci/","parentId":"cG9zdDoxMzE5","path":"/bocci/","cssClasses":[]}},{"__typename":"RootQueryToMenuItemConnectionEdge","node":{"__typename":"MenuItem","id":"cG9zdDozMTY=","label":"Careers","uri":"/identity/careers/","parentId":"cG9zdDo1Mw==","path":"/identity/careers/","cssClasses":[]}},{"__typename":"RootQueryToMenuItemConnectionEdge","node":{"__typename":"MenuItem","id":"cG9zdDo2MQ==","label":"kitchen","uri":"/kitchen/","parentId":null,"path":"/kitchen/","cssClasses":[]}},{"__typename":"RootQueryToMenuItemConnectionEdge","node":{"__typename":"MenuItem","id":"cG9zdDo2MA==","label":"dining","uri":"/dining-room/","parentId":null,"path":"/dining-room/","cssClasses":[]}},{"__typename":"RootQueryToMenuItemConnectionEdge","node":{"__typename":"MenuItem","id":"cG9zdDo2Mg==","label":"living","uri":"/living-room/","parentId":null,"path":"/living-room/","cssClasses":[]}},{"__typename":"RootQueryToMenuItemConnectionEdge","node":{"__typename":"MenuItem","id":"cG9zdDoxNDY=","label":"closet","uri":"/closet/","parentId":null,"path":"/closet/","cssClasses":[]}},{"__typename":"RootQueryToMenuItemConnectionEdge","node":{"__typename":"MenuItem","id":"cG9zdDo1OA==","label":"bedroom","uri":"/bedroom/","parentId":null,"path":"/bedroom/","cssClasses":[]}},{"__typename":"RootQueryToMenuItemConnectionEdge","node":{"__typename":"MenuItem","id":"cG9zdDo1Nw==","label":"bathroom","uri":"/bathroom/","parentId":null,"path":"/bathroom/","cssClasses":[]}},{"__typename":"RootQueryToMenuItemConnectionEdge","node":{"__typename":"MenuItem","id":"cG9zdDo2Mw==","label":"outdoor furniture","uri":"/outdoor-furniture/","parentId":null,"path":"/outdoor-furniture/","cssClasses":[]}},{"__typename":"RootQueryToMenuItemConnectionEdge","node":{"__typename":"MenuItem","id":"cG9zdDoyNzMw","label":"Contact Us","uri":"/contact-us/","parentId":null,"path":"/contact-us/","cssClasses":[]}},{"__typename":"RootQueryToMenuItemConnectionEdge","node":{"__typename":"MenuItem","id":"cG9zdDoyNzcw","label":"visit showroom","uri":"/contact-us/#visit-showroom","parentId":null,"path":"/contact-us/#visit-showroom","cssClasses":["showroom"]}}]}}