{"page":{"__typename":"Page","seo":{"__typename":"PostTypeSEO","canonical":"https://app.innerspacedxb.com/","opengraphDescription":"Luxury Furniture Store in Dubai: Redefine elegance with our complete home interior design service using premium furniture, and luxurious accessories.","opengraphImage":{"__typename":"MediaItem","altText":"","mediaItemUrl":"https://app.innerspacedxb.com/wp-content/uploads/2022/11/logo-innerspace-black.png","mediaType":"image","localPath":"\\images/logo-innerspace-black.png"},"opengraphSiteName":"Innerspace Dubai","opengraphTitle":"Luxury Furniture Store in Dubai | Kitchen Showroom Dubai","metaRobotsNofollow":"follow","metaRobotsNoindex":"noindex","opengraphUrl":"https://app.innerspacedxb.com/","opengraphModifiedTime":"2024-01-08T05:20:22+00:00","opengraphType":"article","title":"Luxury Furniture Store in Dubai | Kitchen Showroom Dubai","metaDesc":"Luxury Furniture Store in Dubai: Redefine elegance with our complete home interior design service using premium furniture, and luxurious accessories.","schema":{"__typename":"SEOPostTypeSchema","raw":"{\"@context\":\"https://schema.org\",\"@graph\":[{\"@type\":\"WebPage\",\"@id\":\"https://app.innerspacedxb.com/\",\"url\":\"https://app.innerspacedxb.com/\",\"name\":\"Luxury Furniture Store in Dubai | Kitchen Showroom Dubai\",\"isPartOf\":{\"@id\":\"https://app.innerspacedxb.com/#website\"},\"about\":{\"@id\":\"https://app.innerspacedxb.com/#organization\"},\"datePublished\":\"2021-10-22T10:16:55+00:00\",\"dateModified\":\"2024-01-08T05:20:22+00:00\",\"description\":\"Luxury Furniture Store in Dubai: Redefine elegance with our complete home interior design service using premium furniture, and luxurious accessories.\",\"breadcrumb\":{\"@id\":\"https://app.innerspacedxb.com/#breadcrumb\"},\"inLanguage\":\"en-US\",\"potentialAction\":[{\"@type\":\"ReadAction\",\"target\":[\"https://app.innerspacedxb.com/\"]}]},{\"@type\":\"BreadcrumbList\",\"@id\":\"https://app.innerspacedxb.com/#breadcrumb\",\"itemListElement\":[{\"@type\":\"ListItem\",\"position\":1,\"name\":\"Home\"}]},{\"@type\":\"WebSite\",\"@id\":\"https://app.innerspacedxb.com/#website\",\"url\":\"https://app.innerspacedxb.com/\",\"name\":\"Innerspace Dubai\",\"description\":\"Luxuriously limitless living spaces\",\"publisher\":{\"@id\":\"https://app.innerspacedxb.com/#organization\"},\"potentialAction\":[{\"@type\":\"SearchAction\",\"target\":{\"@type\":\"EntryPoint\",\"urlTemplate\":\"https://app.innerspacedxb.com/?s={search_term_string}\"},\"query-input\":\"required name=search_term_string\"}],\"inLanguage\":\"en-US\"},{\"@type\":\"Organization\",\"@id\":\"https://app.innerspacedxb.com/#organization\",\"name\":\"Innerspace Dubai\",\"url\":\"https://app.innerspacedxb.com/\",\"logo\":{\"@type\":\"ImageObject\",\"inLanguage\":\"en-US\",\"@id\":\"https://app.innerspacedxb.com/#/schema/logo/image/\",\"url\":\"https://app.innerspacedxb.com/wp-content/uploads/2021/10/logo-innerspace-black.svg\",\"contentUrl\":\"https://app.innerspacedxb.com/wp-content/uploads/2021/10/logo-innerspace-black.svg\",\"width\":300,\"height\":148,\"caption\":\"Innerspace Dubai\"},\"image\":{\"@id\":\"https://app.innerspacedxb.com/#/schema/logo/image/\"},\"sameAs\":[\"https://www.facebook.com/Innerspace-Dubai-175580597410370\",\"https://www.instagram.com/innerspacedubai/\",\"https://www.linkedin.com/company/innerspace-dubai\",\"https://www.pinterest.com/innerspace_dubai\",\"https://www.youtube.com/channel/UC2dg-skuWQBtk81lH7kxlgA\"]}]}"}},"homePageContent":{"__typename":"Page_Homepagecontent","brandsIntroduction":"<h3>A Collective of the Finest Luxury Kitchen &amp;<br />\nFurniture Brands From Germany</h3>\n<p class=\"other-txt\">At Innerspace, we believe in orchestrating only the finest homes. We partner with some of the finest brands in the world, delivering rigorously tested, time-withstanding furniture, appliances and storage solutions. With intelligent functionality at its core, our partners elevate living spaces. Explore brands by Innerspace.</p>\n","designByRoomIntroduction":"<h2>Design by Room</h2>\r\n<h3 class=\"sub-txt\">Luxuriously limitless living spaces </h3>\r\n<p>Reimagine the possibilities of structure at our world-class showroom, the ultimate confluence of distinguished design and unsurpassed expertise. Innerspace brings you the goodness of fine natural materials to transform the ordinary. Reimagine your living spaces with our expert designers.</p>","designByRoomSlider":[{"__typename":"Page_Homepagecontent_designByRoomSlider","shortDescription":"Kitchens are the centres of living spaces. Imagine a kitchen that keeps your essentials at hand, and the extras out of sight. Innerspace brings you kitchens with ergonomics engineered so efficiently; cooking becomes an effortless choreography. Explore kitchens built by expert craftsmen and with only the finest materials. Explore the possibilities of a kitchen built for you.","title":"<span>Kitchens</span> that revolutionise cooking","viewMoreLink":"https://app.innerspacedxb.com/kitchen/","sliderImage":{"__typename":"MediaItem","altText":"kitchen-living-slider-2","mediaItemUrl":"https://app.innerspacedxb.com/wp-content/uploads/2021/11/kitchen-living-slider-2.jpg","localPath":"\\images/kitchen-living-slider-2.jpg"},"mobileSliderImage":{"__typename":"MediaItem","altText":"kitchen living slider","mediaItemUrl":"https://app.innerspacedxb.com/wp-content/uploads/2023/11/kitchen-living-slider-mob.jpg","localPath":"\\images/kitchen-living-slider-mob.jpg"}},{"__typename":"Page_Homepagecontent_designByRoomSlider","shortDescription":"A space for entertaining that marries opulent comfort and exquisite design. Create spaces that reflect you in a seamless coalescence of contemporary design and the finest natural materials.  Experience harmonies of opulent colours and elegant neutrals, through furniture that elevate function and lighting designed to create arresting focal points. Come reimagine your living space.","title":"<span>Living Rooms</span> that elevate gatherings ","viewMoreLink":"https://app.innerspacedxb.com/living-room/","sliderImage":{"__typename":"MediaItem","altText":"home-living-slider","mediaItemUrl":"https://app.innerspacedxb.com/wp-content/uploads/2021/11/home-living-slider-2.jpg","localPath":"\\images/home-living-slider-2.jpg"},"mobileSliderImage":{"__typename":"MediaItem","altText":"Home Living Room Slider","mediaItemUrl":"https://app.innerspacedxb.com/wp-content/uploads/2023/11/home-living-slider-mob.jpg","localPath":"\\images/home-living-slider-mob.jpg"}},{"__typename":"Page_Homepagecontent_designByRoomSlider","shortDescription":"Your bedroom is your sanctuary. A room that makes space for rest, productivity, and transformation. A room that makes space for you. Our intelligent use of space elevates your bedroom to aid restorative sleep and equips it with revolutionary functionality. Experience a room that looks and feels exactly the way you want. Experience a sanctuary built for you. ","title":"<span>Bedrooms</span> that double up as sanctuaries","viewMoreLink":"https://app.innerspacedxb.com/bedroom/","sliderImage":{"__typename":"MediaItem","altText":"bedroom-living-slider","mediaItemUrl":"https://app.innerspacedxb.com/wp-content/uploads/2021/11/bedroom-living-slider-2.jpg","localPath":"\\images/bedroom-living-slider-2.jpg"},"mobileSliderImage":{"__typename":"MediaItem","altText":"bedroom design dubai","mediaItemUrl":"https://app.innerspacedxb.com/wp-content/uploads/2023/11/bedroom-living-slider-mob.jpg","localPath":"\\images/bedroom-living-slider-mob.jpg"}}],"homeIdentityImage":{"__typename":"MediaItem","altText":"Kitchen Showroom Dubai","mediaItemUrl":"https://app.innerspacedxb.com/wp-content/uploads/2023/06/identity-thumb.jpg","localPath":"\\images/identity-thumb.jpg"},"homePortfolioImage":{"__typename":"MediaItem","altText":"","mediaItemUrl":"https://app.innerspacedxb.com/wp-content/uploads/2023/06/portfolio-thb-1.jpg","localPath":"\\images/portfolio-thb-1.jpg"},"heroSlider":[{"__typename":"Page_Homepagecontent_heroSlider","sliderContent":"<h3>Living Spaces Created from Only the<br />\nFinest Materials</h3>\n<p><a class=\"learn-more\" href=\"https://app.innerspacedxb.com/kitchen/\">Experience unmatched quality</a></p>\n","sliderImage":{"__typename":"MediaItem","altText":"Finest Materials","mediaItemUrl":"https://app.innerspacedxb.com/wp-content/uploads/2021/11/slider-kitchen.jpg","localPath":"\\images/slider-kitchen.jpg"},"mobileSliderImage":{"__typename":"MediaItem","altText":"Finest Materials for Kitchen","mediaItemUrl":"https://app.innerspacedxb.com/wp-content/uploads/2023/11/hero-slider-kitchen-mob.jpg","localPath":"\\images/hero-slider-kitchen-mob.jpg"}},{"__typename":"Page_Homepagecontent_heroSlider","sliderContent":"<h3>Interiors Designed with<br />\nUnparalleled Expertise</h3>\n<p><a class=\"learn-more\" href=\"https://app.innerspacedxb.com/bedroom/\">Time-honoured German engineering</a></p>\n","sliderImage":{"__typename":"MediaItem","altText":"bedroom","mediaItemUrl":"https://app.innerspacedxb.com/wp-content/uploads/2021/11/hero-slider-a-unparalled.jpg","localPath":"\\images/hero-slider-a-unparalled.jpg"},"mobileSliderImage":{"__typename":"MediaItem","altText":"bedroom furniture","mediaItemUrl":"https://app.innerspacedxb.com/wp-content/uploads/2023/11/hero-slider-unparalled-mob.jpg","localPath":"\\images/hero-slider-unparalled-mob.jpg"}},{"__typename":"Page_Homepagecontent_heroSlider","sliderContent":"<h3>A Passion for Fine Living, Underpinned by<br />\nIntelligent Engineering</h3>\n<p><a class=\"learn-more\" href=\"https://app.innerspacedxb.com/living-room/\">Discover the possibilities of evocative structure</a></p>\n","sliderImage":{"__typename":"MediaItem","altText":"living-room","mediaItemUrl":"https://app.innerspacedxb.com/wp-content/uploads/2021/11/hero-slider-a-passion.jpg","localPath":"\\images/hero-slider-a-passion.jpg"},"mobileSliderImage":{"__typename":"MediaItem","altText":"living room furniture","mediaItemUrl":"https://app.innerspacedxb.com/wp-content/uploads/2023/11/hero-slider-passion-mob.jpg","localPath":"\\images/hero-slider-passion-mob.jpg"}}]}},"brands":{"__typename":"RootQueryToBrandConnection","nodes":[{"__typename":"Brand","id":"cG9zdDo0MQ==","brands":{"__typename":"Brand_Brands","brandLogo":{"__typename":"MediaItem","altText":"","mediaItemUrl":"https://app.innerspacedxb.com/wp-content/uploads/2021/10/brand-bocci-logo.svg","localPath":"\\images/brand-bocci-logo.svg"},"brandRelationshipField":{"__typename":"Page","id":"cG9zdDoyNjU=","link":"https://app.innerspacedxb.com/bocci/","title":"Bocci"}},"featuredImage":{"__typename":"NodeWithFeaturedImageToMediaItemConnectionEdge","node":{"__typename":"MediaItem","altText":"Bocci Lighting","mediaItemUrl":"https://app.innerspacedxb.com/wp-content/uploads/2021/10/brand-bocci-thumb-1-1.jpg","localPath":"\\images/brand-bocci-thumb-1-1.jpg"}}},{"__typename":"Brand","id":"cG9zdDo0MA==","brands":{"__typename":"Brand_Brands","brandLogo":{"__typename":"MediaItem","altText":"","mediaItemUrl":"https://app.innerspacedxb.com/wp-content/uploads/2021/10/brand-logo-hulsta-v2-svg.svg","localPath":"\\images/brand-logo-hulsta-v2-svg.svg"},"brandRelationshipField":{"__typename":"Page","id":"cG9zdDoyNzg=","link":"https://app.innerspacedxb.com/hulsta/","title":"Hülsta"}},"featuredImage":{"__typename":"NodeWithFeaturedImageToMediaItemConnectionEdge","node":{"__typename":"MediaItem","altText":"","mediaItemUrl":"https://app.innerspacedxb.com/wp-content/uploads/2021/10/brand-hulsta-v1.jpg","localPath":"\\images/brand-hulsta-v1.jpg"}}},{"__typename":"Brand","id":"cG9zdDo2MjU=","brands":{"__typename":"Brand_Brands","brandLogo":{"__typename":"MediaItem","altText":"","mediaItemUrl":"https://app.innerspacedxb.com/wp-content/uploads/2021/10/brand-benz-logo-1.svg","localPath":"\\images/brand-benz-logo-1.svg"},"brandRelationshipField":{"__typename":"Page","id":"cG9zdDoyMTI=","link":"https://app.innerspacedxb.com/rolf-benz/","title":"Rolf Benz"}},"featuredImage":{"__typename":"NodeWithFeaturedImageToMediaItemConnectionEdge","node":{"__typename":"MediaItem","altText":"","mediaItemUrl":"https://app.innerspacedxb.com/wp-content/uploads/2021/10/brand-benz-thb-1.jpg","localPath":"\\images/brand-benz-thb-1.jpg"}}},{"__typename":"Brand","id":"cG9zdDozOA==","brands":{"__typename":"Brand_Brands","brandLogo":{"__typename":"MediaItem","altText":"","mediaItemUrl":"https://app.innerspacedxb.com/wp-content/uploads/2021/11/brand-logo-kaiser.svg","localPath":"\\images/brand-logo-kaiser.svg"},"brandRelationshipField":{"__typename":"Page","id":"cG9zdDoyODA=","link":"https://app.innerspacedxb.com/kaiser/","title":"Kaiser"}},"featuredImage":{"__typename":"NodeWithFeaturedImageToMediaItemConnectionEdge","node":{"__typename":"MediaItem","altText":"","mediaItemUrl":"https://app.innerspacedxb.com/wp-content/uploads/2021/11/brand-Kaiser-v1.jpg","localPath":"\\images/brand-Kaiser-v1.jpg"}}},{"__typename":"Brand","id":"cG9zdDozNw==","brands":{"__typename":"Brand_Brands","brandLogo":{"__typename":"MediaItem","altText":"","mediaItemUrl":"https://app.innerspacedxb.com/wp-content/uploads/2021/11/brand-logo-hacker.svg","localPath":"\\images/brand-logo-hacker.svg"},"brandRelationshipField":{"__typename":"Page","id":"cG9zdDoyNzY=","link":"https://app.innerspacedxb.com/hacker/","title":"Häcker"}},"featuredImage":{"__typename":"NodeWithFeaturedImageToMediaItemConnectionEdge","node":{"__typename":"MediaItem","altText":"","mediaItemUrl":"https://app.innerspacedxb.com/wp-content/uploads/2021/10/brand-hacker-thb-1.jpg","localPath":"\\images/brand-hacker-thb-1.jpg"}}}]}}