{"page":{"__typename":"Page","id":"cG9zdDozMw==","title":"Contact Us","uri":"/contact-us/","featuredImage":{"__typename":"NodeWithFeaturedImageToMediaItemConnectionEdge","node":{"__typename":"MediaItem","mediaItemUrl":"https://app.innerspacedxb.com/wp-content/uploads/2021/11/career-header-img-v1.jpg","altText":"","localPath":"\\images/career-header-img-v1.jpg"}},"mobileImages":{"__typename":"Page_Mobileimages","mobileHeaderImage":{"__typename":"MediaItem","mediaItemUrl":"https://app.innerspacedxb.com/wp-content/uploads/2023/11/header-contact-mob.jpg","altText":"Innerspace Dubai","localPath":"\\images/header-contact-mob.jpg"}}}}